Email,Company,Website,City,State,Profession
bookings@highrockyhomes.com,"High Rocky Homes",,Leadville,Colorado,Accountants
claims@stewart.com,"Stewart Title Company",,Leadville,Colorado,Accountants
adminservices@leadville-co.gov,"Leadville City Clerk",,Leadville,Colorado,Accountants
nancy@professionalmanagementagency.com,"Professional Management Agency",,Alma,Colorado,Accountants
cmcas@coloradomtn.edu,"Colorado Mountain College Leadville",,Leadville,Colorado,Accountants
conductor@leadville-train.com,"Leadville Railroad",,Leadville,Colorado,Accountants
cpa@gheencpa.com,"Gheen & Co., CPA, LLC",,"Colorado Springs",Colorado,Accountants,"Fort Collins"
elsa@freightleadville.com,FREIGHT,,Leadville,Colorado,Accountants
info@treelinekitchen.com,"Treeline Kitchen",,Leadville,Colorado,Accountants
infoandpress@taboroperahouse.net,"Tabor Opera House",,Leadville,Colorado,Accountants
info@staytheabbey.com,"The Abbey",,Leadville,Colorado,Accountants
host@staymajestic.com,"The Majestic",,Leadville,Colorado,Accountants
longled@longled.cnc.net,"Temple Israel Museum",http://www.jewishleadville.org,Leadville,Colorado,Accountants
ENFPrograms@elks.org,"Elks Lodge",,Leadville,Colorado,Accountants
accessibility@wyndham.com,"Super 8 Leadville CO",,Leadville,Colorado,Accountants
officemanager@leadvilleherald.com,"Herald Democrat",,Leadville,Colorado,Accountants
office@CSAaccounting.com,"Canavan, Syddall & Associates",,Littleton,Colorado,Accountants
info@padgetteastbay.com,"Padgett Business Services",,Littleton,Colorado,Accountants
contact@ColoradoBusinessCPA.com,"Colorado Business CPA, LLC",,Englewood,Colorado,Accountants
kbelcher@cbrs-cpa.com,"Belcher Deductions",http://www.cbrs-cpa.com,Littleton,Colorado,Accountants,"RDS Professional Solutions",http://www.rdsprosolutions.com/
info@thesbacpa.com,"SBA CPA",,Littleton,Colorado,Accountants
jeanne@jeannemadamscpa.com,"JEANNE M ADAMS CPA PC",,Centennial,Colorado,Accountants
info@moggcpa.tax,"Mogg & Associates, LLC",,Littleton,Colorado,Accountants
hraich@rsiaccounting.com,"Restaurant Accounting Services Inc. (RASI)",,Littleton,Colorado,Accountants
scott@scottawilsoncpa.com,"Wilson Scott a CPA",http://www.scottawilsoncpa.com,Littleton,Colorado,Accountants
admin@pontiffcpa.com,"Pontiff   Associates, PC",,Littleton,Colorado,Accountants
roger@littletoncocpa.com,"Roger C. Kline CPA",,Littleton,Colorado,Accountants
Media@jtax.com,"Jackson Hewitt Tax Service",,Littleton,Colorado,Accountants,Englewood,http://www.jacksonhewitt.com/,Longmont,Loveland,"Fort Collins",Montrose
contact2@kaufmann-cpa.com,"David M. Kaufmann, CPA",,"Highlands Ranch",Colorado,Accountants
admin@addvaloremllc.com,"Add Valorem, LLC",,Littleton,Colorado,Accountants
info@brockcpas.com,"Brock and Company CPAs PC",,Littleton,Colorado,Accountants,http://www.brockcpas.com/,Longmont,"Fort Collins"
loishuston@schumachercpas.com,"Schumacher & Associates, Inc.",http://schumachercpas.com,Littleton,Colorado,Accountants
bfs.tax@barkerfinancial.com,"Barker Financial Services Inc",,Littleton,Colorado,Accountants
contact@swickco.com,"All Pro Accounting Services, Inc.",,Littleton,Colorado,Accountants
info@kimberlywhiteaccounting.com,"Kimberly White Accounting, LLC",http://www.kimberlywhiteaccounting.com,"Highlands Ranch",Colorado,Accountants
Info@RedPenAccountingServices.com,"Red Pen Accounting Services, LLC",http://www.redpenaccountingservices.com,Littleton,Colorado,Accountants
WickersBookkeeping@Gmail.com,"Wicker's Bookkeeping Services, LLC",,Littleton,Colorado,Accountants
kentf@facs4you.com,"Fairweather Accounting and Consulting Services, Inc",,Littleton,Colorado,Accountants
info@mmillercpa.com,"Miller & Associates CPAs, LLC",,Centennial,Colorado,Accountants
info@elleconsultingservices.com,"Elle Consulting, LLC",,Littleton,Colorado,Accountants
admin@poitmen.com,"Poitmen Services, LLC",,Littleton,Colorado,Accountants
beth@medexec.com,"MedExec Accounting Service PC",,Littleton,Colorado,Accountants
info@leadaccountant.com,"Lead Accountant, LLC",,Littleton,Colorado,Accountants
lou@denevercoaccounting.com,"Colorado Business Accountants",,Denver,Colorado,Accountants
ArcherFG@ArcherFG.com,"Archer Financial Group LLC",http://www.archerfg.com,Littleton,Colorado,Accountants
bookkeepingsolutions@prodigy.net,"Bookkeeping Solutions",,Littleton,Colorado,Accountants
sheldon@sheldonbrowncpa.com,"Sheldon Brown, CPA, LLC",,Littleton,Colorado,Accountants
Karen@horizonfintax.com,"Horizon Financial & Tax Strategies Inc.",http://horizonfinancialplanning.com,Littleton,Colorado,Accountants
stephanie@growthspurtaccounting.com,"Growth Spurt Accounting LLC",,Littleton,Colorado,Accountants
tax@cbizofdenver.com,"Century Accounting & Tax",,"Lone Tree",Colorado,Accountants
jim@jimgilbertcpa.com,"Jim Gilbert CPA",,Littleton,Colorado,Accountants
info@lutzcpas.com,"Lutz | Hoenig CPAs",,Englewood,Colorado,Accountants
info@accountingsvs.com,"Accounting & Tax Services",,Centennial,Colorado,Accountants
info@geriscpa.com,"Geris Zebarth, Inc.",,"Greenwood Village",Colorado,Accountants
dennis@djjcpa.com,"Djjcpa LLC",,Littleton,Colorado,Accountants
admin@advantagefinance.net,"Advantage Financial Service Inc",,Littleton,Colorado,Accountants
Office@libtax.com,"Liberty Tax Service",,Littleton,Colorado,Accountants,Englewood,Longmont,Loveland
Brian.Berenz@BerenzWealthManagement.com,"Berenz Wealth Management, LLC",http://www.berenzwealthmanagement.com,Littleton,Colorado,Accountants
Adam@ASMandCo.com,"asm & company, pc",http://www.asmandco.com,Centennial,Colorado,Accountants
info@robert-associates.com,"Robert & Associates, LLC",http://robert-associates.com,Lakewood,Colorado,Accountants
info@starlightconsultants.com,"Starlight Consultants, LLC",,Littleton,Colorado,Accountants
info@atritax.com,"Accounting & Tax Resources, Inc.",,Littleton,Colorado,Accountants
contactus@chathamfinancial.com,"Chatham Financial",,Littleton,Colorado,Accountants
support@hgmanage.com,"HG Management",,Littleton,Colorado,Accountants
Sales@fakebrains.com,"Fake Brains Software",,Littleton,Colorado,Accountants
hi@typemade.mx,Moneyhandlers,,Littleton,Colorado,Accountants
contact@keatax.com,"KE Andrews - Property Tax Consultants",,Englewood,Colorado,Accountants
finjh@littletongov.org,"Littleton Finance Department",,Littleton,Colorado,Accountants
lockheed.vdp@lmco.com,"Lockheed Martin",,Littleton,Colorado,Accountants
pwsa@littletongov.org,"City of Littleton",,Littleton,Colorado,Accountants
admissions@arapahoe.edu,"Arapahoe Community College",,Littleton,Colorado,Accountants
eben@eyebytes.com,"Smith Income Tax Service, Inc.",,Englewood,Colorado,Accountants
info@rubinbrown.com,RubinBrown,,Denver,Colorado,Accountants
askac@arapahoegov.com,"Arapahoe County Treasurers Office",http://www.co.arapahoe.co.us,Littleton,Colorado,Accountants,"Arapahoe County Finance Department",https://www.arapahoegov.com/
joan@stonekingadvisors.com,"stoneking advisors",,Centennial,Colorado,Accountants
sdaily@cmgfi.com,"Samantha Daily - CMG Financial Mortgage Loan Officer NMLS# 692678",,Littleton,Colorado,Accountants
info@hattigcpa.com,"Kristi L. Hattig, CPA, LLC",,Longmont,Colorado,Accountants
hoppcpa@hoppconsulting.com,"Hopp Consulting LLC - CPAs",,Longmont,Colorado,Accountants
todd@ofp-cpa.com,"O'Donnell & Dennis, CPA's, LLC",http://ofp-cpa.emochila.com,Longmont,Colorado,Accountants
office@lbstaxes.com,"Latina Business Services (LBS)",,Longmont,Colorado,Accountants
brian@lefthandaccounting.com,"Left Hand Accounting",,Longmont,Colorado,Accountants
info@ndiscovered.com,"Jenny L Baker CPA PC",,Longmont,Colorado,Accountants,"Taxco taxes",http://taxcotaxes.com/,Berthoud
info@hawkinsmartinez.com,"Hawkins & Martinez, EA's, LLC",,Longmont,Colorado,Accountants
info@gebauercpa.com,"A.F. Gebauer & Co., P.C.",http://gebauercpa.com,Longmont,Colorado,Accountants
greg@ellisblb.com,"Ellis Bottom Line Bookkeeping",,Longmont,Colorado,Accountants
thaxterwilliams@thaxterwilliams.com,"Thaxter E. Williams, CPA",,Longmont,Colorado,Accountants
privacy@clientwhys.com,"Longmont Tax - Colorado1040",http://www.colorado1040.com,Longmont,Colorado,Accountants,"Colorado1040 Inc.",Broomfield,"Succentrix Business Advisors Brighton",http://www.succentrixbrighton.com/,Brighton
michelle@TrailheadAccounting.com,"Trailhead Accounting Solutions CPA, LLC",,Longmont,Colorado,Accountants
ron@ronsoffice.biz,"Vejrostek Tax and Financial",,Longmont,Colorado,Accountants
larry@tuckeraccounting.net,"Tucker Accounting And Tax",,Longmont,Colorado,Accountants
jmarty@bridgewestcpas.com,"Jim Marty & Associates Llc",,Longmont,Colorado,Accountants
jsalcedo@rockiestaxservices.com,"Rockies Tax Services",,Longmont,Colorado,Accountants
info@elctax.org,"Envision Life Consortium Inc",,Longmont,Colorado,Accountants
LORIMINC@MSN.COM,"Lori Miller Inc",,Longmont,Colorado,Accountants
Judd@frontrangetax.com,"Front Range Tax Resolution",http://www.frontrangetax.com,Longmont,Colorado,Accountants
linda@pekarekats.com,"Pekarek Accounting & Tax Services LLC",,Longmont,Colorado,Accountants
susan@susansaccounting.com,"Susan's Accounting Services Inc",,Longmont,Colorado,Accountants
tom@example.com,"Delta Effects, LLC",,Boulder,Colorado,Accountants
diane@woodstaxes.com,"woodstaxes in longmont co",,Longmont,Colorado,Accountants
admin@bouldervalleycpa.com,"Boulder Valley CPAs",,Lafayette,Colorado,Accountants
u003eprivacy@afternic.com,"Core Bookkeeping & Financial Services",http://mycorebookkeeping.com,Longmont,Colorado,Accountants
Bill@BillBrooksCPA.com,"Bill Brooks CPA",,Boulder,Colorado,Accountants
Sue.Cruthers@LongmontColorado.gov,"City of Longmont Accounting",,Longmont,Colorado,Accountants
TaxTalk@perryco.com,"Perry, Roane & Henley, PC",,Niwot,Colorado,Accountants
schoksey@chokseygroup.com,"Choksey Group",,Longmont,Colorado,Accountants
nancy@bouldercpas.com,"Boulder CPA Group",,Boulder,Colorado,Accountants
info@flanderslaw.com,"Flanders, Elsberg, Herber & Dunn, LLC: R. Lee Elsberg",,Longmont,Colorado,Accountants,"Flanders, Elsberg, Herber & Dunn, LLC: Beth A. Montague"
office@hattigfinancial.com,"Hattig Financial Co",,Longmont,Colorado,Accountants
intermountain@intermountain-railway.com,"Intermountain Railway",,Longmont,Colorado,Accountants
info@qbnurse.com,"QB Nurse",,Longmont,Colorado,Accountants
info@coloradodebthelp.com,"Colorado Debt Help",,Longmont,Colorado,Accountants
amicus@amicusadvisors.com,"Amicus Financial Advisors LLP",,Longmont,Colorado,Accountants
hello@kcotax.com,"Johnson Kightlinger & Co",,Boulder,Colorado,Accountants
steven.henry@henrywaters.com,"Small Business Accountants of Colorado",,Boulder,Colorado,Accountants
info@tandemcpas.com,"Burton & Company, Certified Public Accountants",http://www.burtonadvisors.net,Louisville,Colorado,Accountants,"Tandem CPAs",https://tandemcpas.com/
info@bclinecpa.com,"Cline Tax & Accounting",,Boulder,Colorado,Accountants
info@schercpa.com,"Scher Group CPA",,Boulder,Colorado,Accountants
hello@longspeakadvisory.com,"Longs Peak Advisory Services",,Longmont,Colorado,Accountants
gh@abacusaccountingcenter.com,"Abacus Accounting Center, LLC",,Denver,Colorado,Accountants
infofoco@willcocpa.com,"Williamson & Co. P.C",,"Fort Collins",Colorado,Accountants
longmontco@expresspros.com,"Express Employment Professionals",,Longmont,Colorado,Accountants
office@cohenadvisors.net,"The Cohen Law Firm, P.C.",,Boulder,Colorado,Accountants
mike@peakviewcpas.com,"Peakview CPAs",,Loveland,Colorado,Accountants
filler@godaddy.com,"Accountants Cabin",,Loveland,Colorado,Accountants
acctg@accountantscorner.net,"Accountants Corner",,Loveland,Colorado,Accountants
info@inktaxservice.com,"InK Tax Service",,Loveland,Colorado,Accountants
rnguyen@nguyencpas.com,"Nguyen & Associates, CPA",,Loveland,Colorado,Accountants,"Hanson & Associates, PC",http://www.hansonandassociates.com/,"Fort Collins"
debra@debrabeasley.com,"Debra Beasley",,Loveland,Colorado,Accountants
info@shellywagarcpa.com,"Wagar Shelly L. CPA, P.C.",,Loveland,Colorado,Accountants
norm@markxxv.com,"MARK XXV Accounting",,Loveland,Colorado,Accountants
jackie@balanced-equation.com,"Balanced Equation",,Loveland,Colorado,Accountants
info@lovelandcpas.com,"Linda Holdredge & Associates CPA's P.C.",,Loveland,Colorado,Accountants
info@brightergreencpa.com,"Brighter Green CPA",,Loveland,Colorado,Accountants
john.clark@kind-accounting.com,"Kind Accounting",,Loveland,Colorado,Accountants
info@alexanderbroughton.com,"Alexander, Broughton & Co. CPAs PC",http://www.alexanderbroughton.com,Loveland,Colorado,Accountants
info@drygcpas.com,"Dryg Butler, CPAs, P.C.",,Loveland,Colorado,Accountants
wipfliinfo@wipfli.com,Wipfli,,Loveland,Colorado,Accountants
clientcare@egercpas.com,"Eger CPA",,"Fort Collins",Colorado,Accountants
balanced@bookkeepingbynickp.com,"Balanced Bookkeeping by Nick",,Loveland,Colorado,Accountants
Zach@elevatedcpa.com,"Elevated Accounting & Tax, LLC",,Windsor,Colorado,Accountants
info@townsendtaxes.com,"Townsend Tax Services",,Johnstown,Colorado,Accountants
clergy@clergyadvantage.com,"Clergy Advantage",,Loveland,Colorado,Accountants
info@rodahlcpa.com,"Rodahl & Company LLC CPAs",,"Fort Collins",Colorado,Accountants
Sales@bbspros.com,"Better Business Services",http://www.bbspros.com,Loveland,Colorado,Accountants
info@nocotaxzone.com,"Tax Zone LLC",http://www.nocotaxzone.com,Loveland,Colorado,Accountants
info@bolzcpa.com,"Bolz CPA, LLC",,"Fort Collins",Colorado,Accountants
daryl@darylnelsoncpa.com,"Daryl Nelson CPA LLC",,"Fort Collins",Colorado,Accountants
rachel@allfiguredout.biz,"All Figured Out Bookkeeping",,Loveland,Colorado,Accountants
tom@thomaspaulsoncpa.com,thomaspaulsoncpa,http://www.thomaspaulsoncpa.com,Loveland,Colorado,Accountants
info@wedelcpa.com,"Wedel & Associates, CPAs, PC",,"Fort Collins",Colorado,Accountants
gavin@haswellcpa.com,"Gavin I. Haswell, CPA, JD",,"Fort Collins",Colorado,Accountants
jo@madonnataxsolutions.com,"Madonna Tax Solutions",,Loveland,Colorado,Accountants
chad@boydgroupservices.com,"Boyd Group Services, LLC",,"Fort Collins",Colorado,Accountants
info@intelligentinvestingllc.com,"Intelligent Investing",,Loveland,Colorado,Accountants
TaxPro@BakerTaxOnline.Com,"Baker Tax Services, LLC",,Timnath,Colorado,Accountants
support@farmhousecpas.com,"FarmHouse CPAs and Payroll",,"Fort Collins",Colorado,Accountants
info@ptallp.com,"Pollock Tax & Accounting, LLP",,"Fort Collins",Colorado,Accountants
gary@richardscpafirm.com,"Gary Richards, CPA",,"Fort Collins",Colorado,Accountants
info@SmallBizPros.com,"Padgett Business Services",,Johnstown,Colorado,Accountants
info@willcocpa.com,"Williamson & Co PC",,Louisville,Colorado,Accountants
bob@garretsoncpa.com,"Garretson Robert M CPA",,"Fort Collins",Colorado,Accountants
info@e3signs.com,"e3 Signs",,Loveland,Colorado,Accountants
shill@legacy-cpa.com,"Legacy CPA & Financial Services, LLC",,Greeley,Colorado,Accountants
scayton@wmacolorado.com,"Wealth Management Associates of CO",http://wmacolorado.com,"Fort Collins",Colorado,Accountants
celebrate@gressiwick.com,"Loveland Visitor Center",http://www.visitlovelandco.com,Loveland,Colorado,Accountants
info@rlrcpas.com,"RLR, LLP",,"Fort Collins",Colorado,Accountants
bdiemer@comfortdental.biz,"Comfort Dental Braces North Loveland",,Loveland,Colorado,Accountants
gm.cwloveland@spirithospitality.net,"Candlewood Suites Loveland, an IHG Hotel",,Loveland,Colorado,Accountants
info@beancountingservicesllc.com,"Bean Counting Services, LLC",http://www.beancountingservicesllc.com,Johnstown,Colorado,Accountants
Tony.Ripsam@lpl.com,"Peakview Wealth Management",http://peakviewwealthmanagement.com,Loveland,Colorado,Accountants
info@mcnurlincpa.com,"McNurlin, Hitchcock & Associates, P.C.",,Lakewood,Colorado,Accountants
michael@livensfinancial.com,"Livens Michael D CPA",http://www.livensfinancial.com,"Fort Collins",Colorado,Accountants
megan@beexcellent.biz,"Accelerated Business Consulting",,Loveland,Colorado,Accountants
ccouncil@cityofloveland.org,"City of Loveland Parks Department",,Loveland,Colorado,Accountants
contact@armadaproperties.com,"Armada Properties, LLC",,Loveland,Colorado,Accountants
name@email.com,"Profit Center of Loveland Inc",,Loveland,Colorado,Accountants
scott@middletonaccounting.com,"Middleton Accounting & Consulting, Inc.",,Montrose,Colorado,Accountants
hrounds@roundsandbrooks.com,"Rounds & Brooks CPA",,Montrose,Colorado,Accountants
info@parkercpasolutions.com,"Parker Consultants and Accountants, PLLC",,Montrose,Colorado,Accountants
rondecker@deckercook.com,"Decker & Cook PC",,Montrose,Colorado,Accountants
hruknju@frontier.net,"Ullemeyer Hayes R CPA",,Montrose,Colorado,Accountants
d.s.holdings.inc@montrose.net,"San Juan Bookkeeping Services",,Montrose,Colorado,Accountants,"ABC Tax Services"
options@busioptions.com,"Business Options Medical Billing",http://www.busioptions.com,Montrose,Colorado,Accountants
denab@buckendorf.net,"Dena K. Buckendorf",,Montrose,Colorado,Accountants
cln@northrupcpa.com,"C. Lynn Northrup, CPA",,Montrose,Colorado,Accountants
laura@integrity-books.com,"Integrity Books Inc.",,Montrose,Colorado,Accountants
aarontobler@remax.net,"Aaron Tobler - Remax Alpine View",http://aarontobler.com,Montrose,Colorado,Accountants
info@elwoodstaffing.com,"Elwood Staffing",,Montrose,Colorado,Accountants
jefreyer@ltgc.com,"Land Title Guarantee Company",,Montrose,Colorado,Accountants
info@wealthwithapurpose.com,"Colorado West Investments, Inc.",,Montrose,Colorado,Accountants
info@dowl.com,DOWL,,Montrose,Colorado,Accountants
